,WkD,Comment,Cost,Ppl,地点,天气,体重,Keyword,Food,移动
1/1/2019,2,"1.休养肠胃,最近屁臭,1221和1215号在顺德和广州吃多坏了肠胃,现在以休息为主.吃一些好消化的东西.朝鲜族的咸菜容易造成大肠癌,不要多吃. 微信上:免费送迷你仓的移动暖气.试水+利益驱动一下+开始清空迷你仓. 要懂得欲取先与. Social proof对很多人都很重要,所以才有假排队.Say something that make people feel special.(use reciprocity to your advantage) Get people to agree to a small request and ask.(get commitment).&& 日常就是集中精力学习,学语言:要勤造句,要勤运用,勤写作.学各种语言没坏处.没事就是学语言.自己这方面有优势,也有兴趣,最开心的时候都是和语言有关(incentive),在英国和老李,在日语课上讲到泰国人. In lineup有法语,西班牙,葡萄牙和意大利语,德语,俄语.流水不腐,不断学习,写作造句.西班牙和葡萄牙是一定要掌握的,因为美国很多老墨,以后要用到他们. &&晚上吃的黄瓜+鸡蛋酱.健康好吃. 以后可以多吃. &&第一天吃的烤鸡排,也不错. ",0,self,sz,10度,,,,
1/2/2019,3,"中午和wayne吃的bunker,烤牛肉套餐,煎饺,石锅饭(172).然后去东海散步,东海城市广场(前张五常饭店)太平洋电影院看的Thugs of Hindostan(65).2个多小时,wayne付停车费(35).然后送wayne去了深圳湾一号.字里行间透露出对财富的崇拜和对深圳湾一号的羡慕.典型深圳价值观.我并不感兴趣,这就是价值观的冲撞.我对住的地方不感兴趣,那个地方的景色并不好.今天0.8895走了10个. &&开车慢可以提高utility.&&市场跌了不少,我都是short.这个人是江门的,以前也是在温哥华,回来跟wayne他们认识.远离这些土鳖.(1.16补:这天是感冒的开始)",237,wayne,sz,10,,,,
1/3/2019,4,"Aapl跌8%,拖累ptf,不反dev加仓是这段时间最重要的研究成果. 嗓子还是疼.2点多到4点多总结.1.多喝水 2.能慢不快 3.每天打坐时间半小时 4.能少吃不多吃,不吃到饱 5.保护嗓子,不要喊叫 6.不吃辣的 7.减低用眼时间. 深圳: 把人往负面的方向推. 昨天送W到深圳湾一号:对钱,对住房的畸形崇拜,对学习没兴趣,没精神内核,做不到真正的开心,是基于虚的市场波动的开心.没有真正理解市场,还在瞎扑腾,并没活明白.看一个人真正爱好是看他在什么上花钱.交往要慢,感情要一点点培养,升温,不能急.larry:14 15年狂妄自大,现在渐渐压力增大,不出来得瑟了. 这些都是以前的朋友,变化都是负面的.都变得只看重钱,崇拜富豪.这是城市带给人的负面影响.  &&更新花旗信用卡,截止日期到2024年1月3号,5年有效期. Kelly公司地址SUITE 2602 26/F AXA TOWER LANDMARK 100 HOW MING ST KWUN TONG KOWLOON HONG KONG. &&中午面点王(32) &&past events are not reliable indicators of the future.",32,self,sz,,,,,
1/4/2019,5,"稍微感冒.早晨去了walmart买了鸡肉,在做鸡汤(150). 生活的秘诀是慢, 大部分时候慢就是快, 给就是取, 软就是生.慢,别人反而都会让道, 一快,反而大家都会tax你的精气神.打卡结束,可以稍微休息.日语进行的也不错. &&下午,还是感冒中.打喷嚏.注意休息. 补充VC.市场大涨,很多超过yOpen,要转换做多.前几天精神都很紧张,一直在学东西,这样也降低了抵抗力. 接下来的生活目标,哪里能长期安定下来,就去哪里. 最近几年,在深圳身体差了很多.17年夏天咳嗽,肺做ct.总体感觉很不对,所以想换个地方.海南各方面感觉不错,要不是天天被磨叽,到那边生活可以.跟在温哥华生活差不多.将来灵活一点,四处走一走.这地方的教育不行.把保险改成全球的.走的差不多就走人.毕竟走姿开始就是投名状.",155,self,sz,感冒,,,,
1/5/2019,6,"Things to look for when relocating. 1.money values(晒红包的,过生日发红包的,红包culture ->bad,崇拜有钱人并叫爹的) 2.genera atmosphere lrelaxed and happy 3.骗子多不多 4.人是否单纯. &&预防感冒: 1.保持脚热. 热量流失很容易感冒. 2.睡眠 3.蜂蜜+姜蒜+柠檬 && 在国内3年多,各种被骗/套路.",0,self,sz,感冒,,,,
1/6/2019,7,"今天起床感冒稍微好转.1.不要吃太多,fasting可以清理身体. 2.多睡觉+喝水 3.start day with protein(2 eggwhites) 4.每天吃一瓣蒜 5.蜂蜜 6.turmeric 7.水里放柠檬增加VC 8.冥想 9.保护脖子和脚,确保热的 10.回家第一件事洗手,不要摸脸 10.头冷脚热 11.每餐不超过8成饱 12.椰子 13.All diseases begin with gut,严加注意饮食 14.饿了先喝水,不要吃东西 15.戒糖分摄入(戒冰棍,糖,可乐雪碧).16.蔬菜水果herb占大头 17.蓝莓 18.每天晒太阳. && 生病原因: 1.不洗手 2.喝水少,要至少增加一倍饮水量 3.吃的太多,肠胃负担大(臭屁,说明胃肠食物残留),没有detox时间 4.不喜欢吃蒜/蒜苔 5.12月23脖子着凉,当天一直在保护脖子&&楼上净化器要换成新的夏普G50.大量喝水.吹铜管乐器,增加气流流通.枕边易经.减少在地铁里和在公共场合的时间.保护脖子和脚踝,防邪风. &&中午吃的骨头汤. 里面加的葱姜,喝的时候放的蒜(切成片氧化一会),杀菌.午时洗澡.骨头汤喝着很舒服.少油.少吃炸炒物. 一天吃一餐,中午吃,晚上清淡沙拉和fruit,以前在香港吃的太多,消化不了,长期胃肠受损,前几天在顺德和广州吃多,一直没消化干净,在肠里腐烂.身体需要时间去detox,持续不断给身体食物让消化负担很重.沃尔玛(120)买的龙骨,萝卜(冬吃萝卜).You have to do a lot of things correctly. ",120,self,sz,,,,,
1/7/2019,1,"1.把现有的牌打好.2.名和实的建设.在HK在弄投资方面的创业公司.做期货股票.3个人. 3.保暖,尤其是腿脚和脖子 4.多喝水,至少以前的3倍.以后上课买1.5L的水,水喝的不够会降低抵抗力 5.注意洗手,不要摸脸.  6.每天一瓣蒜,杀菌 7.除了三文鱼远离海产品,尤其虾,贝. 8.一周至少喝一次骨头汤.9.屁臭成因是肠胃里的东西没消化干净,解决方法是断食,给身体足够的时间去detox.晚饭要减量.在家里消化好的原因是晚上喝粥,好消化,所以胃里没有残留.&& 要知周围人的情绪撬动点是哪,了解一个人的驱动点就掌控了一个人.wayne上周末很兴奋,因为中国逆美国大跌走出大涨行情(实际是降准泄露),这种兴奋非出自幸福感,而是短期不可持续的开心.开心点在于当天是否赚钱,而没有意识到:真正重要的是方法正确,当天的得失对自己影响越小越好,因为跟扔硬币一样.用概率思想看问题,不看重任何一次输赢,只在乎长期是否处于正确概率的一边.例如,自己处于学语言的环境,在概率上已经赢了,搞砸一两个关系+C6无所谓(又比如看直播,对方要骗钱,期望有好结果本身就败了).看事情不要关注一个点, 而要关注有多少流入流出,趋势,概率,环境,可持续性,优势.不注重任何个体事件.看事情看大面.胜者站在大概率的一边,君子不立危墙之下.狡兔三窟,预防尾部风险.万事概率思维,开源拓展,宏观思维.不在意独立事件.发生个体事件:以不变应万变,神色如一.不动声色,不露喜怒.不把自己往死胡同里推,保持资金充裕,不负债,永远轻轻松松,不纳投名状(买房买地),不做任何承诺,万事留余地,圆滑,借口,缓势,拖延,后图.八面玲珑,不透露行程.把语言都学好,傍身技能,这个能力哪里都有用,这个能力比别人强一大块.花精力去打磨自己最大优势,不浪费时间做不擅长的事.&&东方财富的新闻long bias极重,没有新闻价值,洗脑散户用的.做多他们才能赚钱,要知道其incentive,就知道其新闻不可信.&&早晨吃了两个鸡蛋,无carb,非常好,以后早晨吃protein.&&椰汁糖多,不要喝.&&昨天walmart又有人撞我(14年hk百佳被撞,17年底hk地铁被撞),社会怨气大,通过独立事件看大局,对于独立事件不react,无意义归因于任何独立个体;抽烟的人代表人口结构老,素质低.两个人的互动普遍反映了整个社会的情绪状态,互信程度,礼节.",0,self,sz,,,余地,,
1/8/2019,2,"星期二,刚起床.温哥华计划:1.先买车(X5) 2.不断换airbnb house居住,最好在ubc旁边,每个地方住1个月左右.3.冬天在CA周边城市,循环居住,探寻好的地方.考察好的投资地产和别的项目.大学旁边/富人区/治安好的地方.House里的一个房间,或者是APT里的一个房间(但这样没有车位).这样可以认识很多人.3.韩国教会,认识一些韩国人,融入圈子. &&chen比较靠谱,随叫随时,要reward这种靠谱的行为.靠下意识决定是否靠谱.人都在不断变化,不give benefit of the doubt,如今因为在不同地方生活,信息不对称,不知道思想变化,没有意义陪着思想落后的人找人生方向.有些人会进入误区,盲目自大,或盲目悲观,有些人接人待物有问题.有些人生活习惯不健康,喝酒,晚睡,有些人价值观出了问题,晒红包,礼物等.冷眼旁观在人生路上没活明白的人,保持一定距离.中午把上周买的龙骨吃掉.又走了100k.走完了以后,去加拿大住airbnb,考察各区各地情况.&&晚上吃土豆泥和粟米棒.这两个不是炸的,相对健康.",20,self,,,,,,
1/9/2019,3,"归集资金.早起吃蛋白.少吃carbs.增加饮水量. 煮土豆和yam入diet.刚开年,不断观察.建立全面screener,% days above/below open.跟人来往先端架子,不亲近,保持距离,尤其长时间不接触的人.不要做白日梦,小概率事件不足恃,可以归类为骗.对极端风险,尾部情况做好准备.凡事做最坏打算.不指望人不我畔,而恃我之不可畔.不指望政局不动荡,而恃己之资产安全,未雨绸缪.要有强烈的忧患意识,居安思危,以史鉴今,政治成熟.把必须做的事情迟早做,例如安居.要了解历史上政权的不稳定性.计划要周全,不能一厢情愿,也不能相信小概率事件.&&不求虚名,只求实利.天恩难测,惟实力可恃.&&饮食:戒糖,吃水果,肉,蛋白质.&&吃的和心情直接相关,all disease begins in the guts.在嘉旺吃的黑椒鸡排+奶茶,糖超标,鸡排是炸的,咖啡因刺激神经&& People love sugar(quick satisfaction),ceril早餐吃蛋糕,dunkin donuts.对面的client service下午都吃糖,累的时候吃糖马上就会得到立即的能量提升.人只在意短期满足而不是长期.所以用咖啡和糖来刺激大脑.糖造成血糖波动,影响情绪.&&早茶的地方少吃米饭/肠粉,而吃肉和蛋白,不要吃到撑.前段时间消化出了问题(今天消化不错,没问题).&& 华人由于饮食习惯和历史贫困,吃主食多,面多.这种high carb造成血糖波动,对情绪副作用极大.厂家利用人的短期满足追求来卖糖.这是个万亿industry.&&cut social media addiction.(wechat,weibo) &&上午去walmart买鸡腿.停车场,一个疯婆娘倒车根本不看倒镜,差点被撞到,一旦被撞到损失时间和钱,中国人有车的时间短,不会开,也没有交通意识.吸烟+素质问题,远离.现在在国内属于退步,没有利用我的best alternative.靠污染环境发展经济,交通堵塞,关注饮食健康的人少.野蛮发展,缺少远见.个体迅速膨胀,素质低,互信差.频繁装修(噪音污染),外部不停改造(修路,拆桥,一刻不停) &&今天感觉身体比较弱.",120,self,,,,,,
1/10/2019,4,"昨天9点睡到早晨7点,保持充足睡眠很重要.昨天韩语学的有进步,听力有进步.方法是先慢听iyagi series, 0.5x速度,学习所有单词,然后加快速度,直到全部听懂为止.wechat时间控制在晚上,晚六点之前不接受发送任何信息.没有basis.晚上9点睡觉,好处颇多.不断自我洗脑,用incentive机制不断激励自己前行.&&这段时间语言水平进步颇快,达到了要求,要继续保持这种.日语每天的听力帮助很大,以前的韩文打卡也很有帮助.每天背单词,听力,之类.糖类都用水果补充.利用看自己有兴趣的东西学习语言,语言掌握越多生活的utility越高,可以胜过在不同的世界.&&关注健康相关事情.这几天生病获得的新知识包括,少吃主食(已经减肥了).蛋白质和脂肪代替碳水.&&语言主要练读和听.&&Affordability,society has to afford your choices. 中国社会没法支撑上层对食品安全的需求,大多数人还没有钱到还没到在意这个的程度.大部分人都go for short term satisfaction->crave sugar,公司为了盈利,没有incentive lower sugar.政府为了收税,也因为拿了食品行业的钱也不不会有做为,导致大量的食品含糖超标,因为卖的好.麦当劳,可乐这些垃圾食品公司长期赚钱,人们吃了垃圾食品会导致糖尿病和各种健康问题,可是政府毫无作为.&& Medicine&food are big industries.&&医生的厚黑学.医生只锯箭不取箭,不完全治病才会一直有用.&& 阶段性走姿结束.走了150左右,168左右的港币.这些港币要全部美金化wash.上午去blt买的澳洲牛排和鸡蛋(70)中午吃的炒牛肉+水煮西兰花.严防H中国询问汇款原因.大陆:说还钱给朋友,朋友指定的账户,不认识是谁,如果问朋友在哪?在香港,然后让H给于先生打电话,说暂时没有他的电话(拖时间).然后跟于通气.严防香港H询问收款原因:说朋友还钱.汇丰深圳现在有一定风险,因为4天走了45个.每天在上面要有消费(施小信而大诈逞),这一段先结束.下一步是变美金.",70,self,sz,20,,,,
1/11/2019,5,"走姿暂停.基本达到预定目标.昨天晚上吃的土豆泥和沙拉.晚上这么吃健康.课上还有人说喜欢北京.蠢人真多.对蠢人,要绷,欺而有功.昨天穿夹克出门,到处人都让路,走路变得容易.要让生活变得容易,显得深不可测,不可侵犯,否则就会向沃尔玛/HK那样,撞你,占你便宜. 中国人喜欢跟风,创新意识较差,快手上都是一样的评论.整个亚洲都这样.总结1.到那哪穿得远好过一般人 2.不苟言笑,比他人反应少,面无表情,""绷""3.保持沉默,让对方紧张,己方保持冷静 4.现在也不飞飞机了.投资长期有用,不是fad的东西.5.语言学习自己占优势,认识很多人.学对自己生活/utility有帮助的事情.&&0.89走了150w.现阶段0.86.中午吃了牛肉,蔬菜,生洋葱(88),加点蒜就更好了.米饭只吃了一点.牛肉质量比昨天差远了.走姿暂时停止,这一段太频繁.汇丰的账户一定要频繁使用,这样才能增加credibility.碳水减少了以后mood swing减少.完全cut了white bread.&&从kelly那拿到citi信用卡.给了她100红包, keep住她的incentive.",88,,,,,,,
1/12/2019,6,"最近运动得少,睡眠一般,1点醒了一会.周二去游泳当时还没好,今天鼻涕才少了点.还是持续多喝水.下午去广州拿眼镜.今天是重污染.这几天学到的: 1.多洗手 2.减少主食, 只吃健康的主食 3.不吃面包/pastry.4.多喝水 5.洗床单,被套,枕套(2008年经验) 今天重度污染,走姿是明智的. 外面还有很多人抽烟,活动, 不在意自己健康的人这么多, 怎么指望餐厅/zf对这些人负责. 中午吃的鸡.",0,,,雾霾,,,,
1/13/2019,7,"1/14补记.上午沃尔玛.中午bake三文鱼,12分钟,和生洋葱,蒜一起吃,很好.下次试着买羊腿烤串.下午上课.AP空气流通差,感冒细菌多.晚上因为头痛吃了拉面,给大脑迅速补充能量,第二天早晨拉肚,说明不干净,远远没有面点王干净,这个地方不能去.之后喝了奶, 状态还可.A家有人生病,回中山. Y offer糖吃,这些都是good sign.找个借口换个座位.其他丑人多作怪的,绷,不理睬就可以.不需要回应和互动.对于这些人,有架子,不苟言笑,欺而有功.下意识觉得好的可以接触.问问题要不耻下问,不要不懂装懂.做学问就是要虚心,严禁,中国人不敢问问题,而且喜欢不懂装懂,就是东郭先生,滥竽充数,还死好面子.这些都看在眼里,离远点,跟产生utility的人多接触.",150,,,,67.5,,,
1/14/2019,1,"看T2的class compo,构成好,可以上,构成不好,转成VIP班,尽快消费完课时.现在问为时尚早.但是转成VIP对他们来说是additional work,不一定同意.所以大概率要一直上完.过年前要完成screener,对最大的成分股进行建仓和spread.2019还是多旅游.就不存在在家呆着的问题.现在要开始计划过段时间.如何max out你现有的圈子,结识新的圈子, revive旧的圈子, 这都是需要做的.Avoid carb crash in the day - breakfast and lunch, don't eat carbs,let body run on fat,dinner-eat some carbs, contributes to better sleep.Body burns fat thruout the day. 中午在广州体育西吃的牛腩煲, 把眼镜取回来.跟wayne聊了聊,回来开车眼睛累. &&没吃主食, 所以下午开车不困, 就是车里热(人多喘气不通风).定期消毒车.花城汇底下底下停车便宜, 可以停那.打车到别的地方.污染厉害,痰多.",300,wayne,gz,雾霾,68,没有carb crash,,
1/15/2019,2,"刚才看了人人网.跟很多人聊过,没啥用.好好发展技能才是王道.时过境迁,现在没人再用校内了,事情总是昙花一现,从以前的msn到校内到wechat,实力+谋身才是王道.一直在反省这六年来都做了什么.跟2013年1月份比.自己会了编程Java, R,每天都在用自己的编的tool.会了git,保存程序.测试了各种各样的交易策略,最后决定是小仓位,多持股,多spread,mDev yDev.昨天聊到董建华,不懂断箭法,刚有解决房地产问题的念头,房价大跌,自己被迫辞职.(岳飞,于谦,都是拔箭遭致杀身之祸).补锅法就是把事情夸张化,让人意识到问题很严重,再往有利的方向引导.保险的销售手法.医生也常用断箭法,治标不治本,这样病人才能源源不断,而且还感谢医生.2018年研究了心理学,易,厚黑学.&&去广州配眼镜告一段落.&&wayne对于杠杆一无所知,怀有憧憬,不了解杠杆的危险性,一直提深圳湾一号,总是往这个上面拽话题. &&香港的仓库要清空/换一个更小的,把东西扔掉,找个晚上,扔外面,其他的带回大陆,找一个搬家公司给运回来,已经花了4万在仓库上,里面家具的价值只有5000.&&缺点:1.喝酒 2.学校烂 3.拜金 4.缺乏一致性稳定性 5.高消费 6.虚荣,晒礼物 7.隐瞒民系(冒充) 8.隐瞒学校.9.不靠谱 &&想想哪个时候自己最单纯,骗子最少.加拿大时期,当时对车,房都没追求,相对简单,&&临走前,取消海南手机,香港手机(每月300).清空迷你仓(每年1w).&&继续强化交易的核心优势,精益求精.&&迷你仓:有价值的拿回深圳.家具类的全部扔掉. &&slow down, be as slow as possible, 能让的人都让.&&晚上有心情波动,晚上吃的土豆泥,现在在喝奶,原因跟手机addiction有关.Cut tomorrow cell usage by 90%.&&黄木岗立交1月29到2月19拆.准备开车去海口.定23号,周三不当不正人少. 晚上不走,因为大货车普遍超速,晚上检查的少.晚上酒驾,疲劳的多,circadian rythm使然.周末天亮开.周二周三比较安全,车少,白天开,没人.7点开到中午, 到湛江休息. 第二天早晨在开. 避免午饭后开, 有困倦的人.晚上更不能开. 在惠州被撞的时候是周末,别忘了,这些人周末才有时间,避开他们.选在工作日2,3这个时候比较靠谱,大部分人要做事.去年7月8和11月25两次被撞都是周日,新手上路+夜车酒驾,很危险.以后:工作日早晨驾驶,过了中午不驾驶.晚上绝对不开.6点左右走,天亮之前出城,天亮以后上高速.&&AP后面yuki又咳嗽,病菌太多.所以不天天expose那个环境是正确的.",30,self,sz,阴,68,,,
1/16/2019,3,"昨晚睡眠较好.睡前要喝奶,一直睡到早6.决定下周3走,上午开半天,相对安全,先到湛江住一晚.When to load delta: ytd movement was counter yDev. Trading yDev would catch most of the big moves and avoid big losses.This is the effective method to outperform market in long run. &&walmart(100),中午鸡汤.Larry最近消失,从12月27周四那次大跌被摧毁意志,再没出现过.饮食:一直保持日内low carb,用红薯代替米饭.到了海南先恢复海香会员.再滑冰.看到AP王的朋友圈,说消费使人快乐,SZ这边拜金+丝毫无羞耻心/觉得深圳湾一号好.&&我反正在四季,你爱来不来.不去浪费时间迎合别人的schedule(有尤其对于习惯性放鸽子的人有用).己方定时间和地点.对方只有迎合的份.这样不至于导致16年的种种不愉快.&&晚上ari放鸽子(一直不可靠),所以跟wayne在四季见面,皇庭吃巴蜀川菜,深圳湾散步.回家路上看到超速,行人闯红灯差点被撞.9点多,十分危险.醉酒的多.(晚上开车事故概率)",100,wayne,sz,,68,,,
1/17/2019,4,"体重保持在67.回到13年夏天的状态.昨晚吃了川菜,感觉消化系统不干净.油差.去香港买油.带到海口.冰箱里的坚果(杏仁,松子仁,榛子,花生米),干货都拿过去.周六让人代购橄榄油和蜂蜜和胡椒,带到海南.&&以前早晨吃很多面包,必须出去运动增加dopamine,不然就会sugar crash,心情跟吃的东西有关,吃的越甜越完蛋.多喝水,昨天游泳前喝水润肺.早晨不喝奶,糖多.carb只晚上吃,让血糖变换在睡眠中完成,白天碳水吃水果和蔬菜.&&中午炒牛肉,橄榄油,盐,胡椒,一直把汁水炒没了,跟洋葱和蒜一起吃就可以(今天忘了).整个医疗行业用的都是断箭补锅.治标不治本,让人一直生病,养活了化疗行业,病人花了钱还感谢医生,这些只能知道不能说.大部分人都是追求短期满足,这催生了所有食物都放糖,这样才能卖的多,zf不管.医疗/食品行业都靠这个活着.现在完全不吃面包对面包行业毫无益处.身体好了,没人获利,只有生病的时候,才有人赚钱,阴谋所在.",0,self,,,67.1,,,
1/18/2019,5,"不靠谱的人,权术制之.今天起来感觉干净,没有昨早川菜造成的油腻感.1.不改变自己的时间规划,别人只可以fit in schedule, narrow window.拖之,婉拒之.&&深圳到处修路,处处不便,浮躁,一刻都闲不闲来.拆黄木岗立交,到处拆楼建楼.&&刚才看了winston的doc(stay awesome china),北上广深:北京艺术氛围,反抗意识.上海商业氛围,直播. 深圳,电子行业,广州:没什么拿得出手的.直播业:整容,电子手段欺骗性呈现,night owl性格类型:无自律,无良好教育,晚睡,抽烟喝酒,拖延症,责任心低,seek novelty,咖啡因成瘾,不稳定.好处:有创造力,对新事物有见解,有偏才.这些不适合委以重任,不适合走得太近.对于night owl型,迟到/放鸽子/神出鬼没的人.权术御之:1.只分配零碎时间,己方作息时间内安排会面,不抽大块时间,保持忙碌形象 2.以不变应万变,保持不动,不把自己置于被动境地 3.杀锋芒,拒绝,拖之 4.保持信息不对称 5.增加对方investment,增加其情绪投入 6.不invest,不投入时间/精力/钱,不接送 7.compliance stacking(规定时间地点,让对方长距离跋涉)8.不露喜怒,深不可测 9.保持距离.千里钓之,用饵诱杀之 &&己有所欲,别人才有机可乘.17年,自己弱点多,才会被利用.骗子一定是有你想要的东西才会得手.人多,流动性大,每个人骗一次就够了.&&污染:底层政府为了GDP,放弃环境.环境是public good定会被滥用 &&那些经历过泡沫破裂的国家人会对投资观点更成熟,这个地方的人被洗脑式的灌输.&&13年在北京,开奔驰,都让路,19年,穿着好,无人挡路+服务态度好,跟开宾利,让路率高一样.别人觉得深不可测,不敢冒这个风险跟你对垒,觉得没胜算,下意识就绕道了.穿得邋邋遢遢就在香港被撞(2次),深圳被撞(1次).到哪都overdress,不透信息.李宗吾:空:讲话空,绷:对于社会,下级,保持绷,外表赫然人物,不苟言笑,人近非犯则篡,凶:无所不用其极,聋:不理批评,密:做事密不透风.&&开车慢真是好.想快反而慢,慢慢悠悠反而最快,而且省油,丝毫不紧张,明白了这个道理.众见其利者,非利也.众见其害者,或利也.",0,self,,,,,,
1/19/2019,6,"上午沃尔玛,买三文鱼和牛肉.中午三文鱼+葱蒜.下午四季.听钢琴可以闭眼睛冥想.慢可以战胜快,弱胜强.晚上洗车.雾霾严重.想去游泳泳池雾霾太重.刚去pool就出来了, 后来去洗澡然后听钢琴. 很享受.",150,self,sz,雾霾,67,,,
1/20/2019,7,"韩语T1毕业.上午买了鸡,炖的鸡汤, 鸡汤没啥味道,就是姜汤的味.晚上华强北面点王吃大排面,吃完就不头疼了, 给脑袋直接补充葡萄糖. ",130,self,sz,小雾霾,67,,,
1/21/2019,1,"今天早晨离开深圳,到顺德.明天早晨开车到徐闻. 加油200,高速公路费1000, 中午在香云轩吃饭120,住酒店750.车速慢,危险少.香云轩素质差,抽烟多,吃的不爽.吃的牛仔骨,排骨饭,生菜,紫菜卷难吃,一点都不便宜.早晨2个鸡蛋.明天到海口.顺德这边污染比深圳厉害,明早速走.酒店里都灰很大. 这个房型没什么人住,因为贵.(750),都赶上湛江喜来登的费用了.晚上早点休息.明天一早出发. 这灰大,一直有痰,在外面住就有这个问题. 灰尘没有incentive处理,就是宰一次客.空气质量这么差,还不如直接飞海口,空气里都是灰. (1.27补记:这天状态不好,主要前一天的social media activity和珠三角的脏,1.直接开出珠三角,到污染小的地方 2.social media控制时间,状态:先隐身,一个月后公布) (2.23评：这个住的太不值）(2.28 hypoglycemia: eat sugar)",2070,self,顺德,小雾霾,67,珠三角:没有灵魂,,
1/22/2019,2,"早晨5:21.昨天晚上难熬的一夜. 折射出很多生活习惯问题,积累至此. 1.social network滥用,造成成瘾.这个要杜绝.降低活跃度.时间控制,活跃度控制.在微信上时间太长 2.站立时间不够, 以后要能站不坐. 顺德:完全商业化, 丝毫没人情味, 房间灰大,要求换房间,重新加钱.不但以后不来这个酒店,整个顺德都不来. 珠三角环线污染厉害. 人无灵魂拜金达到极点. 居住质量很低. 晚上一直心跳不正常.（有可能是缺potassium） 3.这段时间运动不够. 4.最近经常头疼.跟使用电子产品过多有关.到海口要把电子产品的使用压缩到晚上. 4.走路要挺胸抬头,对情绪都正面影响. 5.闭眼倒着走, 金鸡独立都不错. 6.昨晚6点头脑完全不管用, 不能思维. 7.昨天中午饭也被宰了,4个要了120. 珠三角这种劣质的拜金文化赶紧逃离. 8.这次对顺德留下了深刻的印象. 对于污染,拜金,无灵魂,金钱至上都有了深刻的体会.在酒店也是完全被宰.9.珠三角是个垃圾地方,赶快走.10.从昨天checkin(中午)到6点事发生了怎样的变化? 餐厅烟味大, 没有折扣, 前台素质低, 回到房间,灰大,5点到6点睡了一觉,起来就觉得看不见东西. 这地方风水也不行. 加油200.中午在雷州吃的42街.3点到4:30在船上. 这时候帮助了老人,借人笔,让座,这些都是随时要做的积德行善的事情.",240,self,深圳到海口,"阳江没有雾霾,湛江雾霾.",67,积德行善,"中午:牛腩饭(服务区),晚上:家里喝粥",self深圳到海口
1/23/2019,3,"早晨看了日文视频,要跟上不要落后.尤其词汇语法要吃透.在海口,电子产品只晚上用,全部戒除.跟去年比,视力退步, 耳鸣, 没有去年4月份离开海南的时候身体好.5月在山东感冒了一次, 今年一月感冒一次, 21日顺德也是一次恶劣经历(无需多提,再不去即可).在海口多做饭,多在海南四处走走.1.cut social network addiction(电子产品成瘾),limit to night. 海口注意饮食.少在外面吃,自己做饭. 2.休息眼睛.&&下午转了一圈,海大, 日月,兴趣索然,跟去年已经产生了变化,现在变得有针对性. Ptf: make sure short world wide ptf. Put on: energy, FX, ETF, vol, the widely you are spread, the better you are to reap off the benefits of div. (2/28: learning japanese is secondary to other things.)",0,jack,海口,雾霾,67.5,,小鸡炖蘑菇,
1/24/2019,4,"内地雾霾持续.幸亏逃了出来.什么事都是有第一机会做的时候一定做,越往后越被动.昨天今天海南全岛雾霾.为了缓解眼睛的strain,手机cut:早晨,晚上after 9.其余时候只用于地图. Don't be used as a tool.今天:买牛肉,中午炒肉片.西兰花.吃薯.多站立.以听为主,注意用眼.Social media:fb,xiaonei(renren), msn, msn space,wechat. Didn't yield any benefits/knowledge/long term. Replace food with real food,activity with real activity. Cut out processed food, cut out virtual network. Negative activities: wechat, streaming. Positive activities: 四季听钢琴, hangout with friends. cooking. Listening to Ted talks. Regulate online activity: 1.目的性 2.时间控制. && Sam Vaknin论点: 社交网络是邪恶的,鼓励恶意行为(博取眼球),低能思维,黑白思维,自恋行为(自拍/自恋/gay翻倍),思维同质化.社交网络用途:定时间地点.应该做的事: 1.把每天社交网络时间固定,给自己和别人形成conditioning. 2.只用来邀约,不聊天 3.不看不发动态.&&学到的:1.做现实生活中的事情,远离电子产品.Prefer面对面,不做网上交谈.",50,jack,海口,,,Cut social media,"中午:牛肉(半斤),西兰花,红薯.",
1/25/2019,5,"1.phone is a slot machine, people feel compelled to pull it. 2.constant fragmented attention will result permanent loss in attention 3.we bulldoze each other's attention left and right. It takes 23 minutes to re-focus attention after attention is lost. 4.the more external interruptions we receive externally, then more we train our brains to internally interrupt 5.conscious interruption needs to be by phone, block out unconscious interruption. 蜂蜜(288), coconut oil(75),pepper(30). Lunch:自制鱼香肉丝.(醋和糖1:1就ok) Dinner:炒豆角.在家里做饭cost远低于外面,而且健康,可以做到一样好吃.",450,self,海口,no smog,,,鱼香肉丝,
1/26/2019,6,"周二到海口.这几天状态很好,一直自己做饭,感觉比较健康.比珠三角的感觉好多了.海口问题是物价太高,老百姓对外地人有抵触心理.现在对很多人+事情也能一眼看透,做自己喜欢的事.没有utility的人不主动接触. 绷字精要. 1.增加对方投资,不接送,对方到达指定地点 2.不主动 3.不分享 4.不改变计划,对方只能fit in schedule.办事办一半, 用断箭来保持优势,用补锅来制造感恩.5.不显露情绪,无论正面和负面.深不可测.在去年7月份撞车事故的处理中,各方面的处理达到了一个很高的层次.现在也能看出来低级和高级的处理方式.远离低层的价值观(例如拜金,愤怒,反社会,低级套路),崇尚高级的处事方式:1.复杂,捉摸不透,性格不可测 2.深刻的知识和思想 3.最高级的是正面思维,幸福感和满足感,强者情绪. 4.赫赫然,不可琢磨,不可侵犯 5.讲事情只模糊讲外围,不讲精要 6.保持礼貌,客气和距离感 7.不投资关系 8.少情感/情绪 9.unreact 10.不在任何低档次场合出现.包括低档的人的circle,chatgroup. 11.不跟愤怒的底层和弱者来往 12.高级别社交,靠绷.13.远离lowB/等级低的人: 情绪写在脸上,格局低,轻易被他人影响,OCD,可预测,任何瘾,网络依赖,不分场合长篇大论,嘴太碎,偏见深,知识水平低,拜金,聊车/房/股(层次较低),情绪负面状态,抱怨,拍马屁,追星(脑残),长得丑而没有魅力的,挣扎在温饱线上的,没有深厚背景,根基很浅的.高段位: 看不出情绪,格局高,不多说,理性,没偏见,可讲道理,不喊叫,文化高,知识水平高,有思想体系,对生活有感悟,不聊低俗,聊文化,哲学,养生,文学,幸福感很深,行为有魅力,背景深厚,根基很深.女人高段位:温柔善良,有女人味,不慌不忙,性格好,幸福感强,情绪隐忍,顾大局. 男人高段位:不露情绪,有男人味,慢,unreactive,聊大不聊小,聊高不聊低,如鱼得水,做人隐忍,有手腕,根基深,选择多,为人处事令人舒服无压力.",150,self,海口,smog,,,"炒牛里脊肉.进步:炒两次,第二次爆锅,最后勾芡.",
1/27/2019,7,"解决所有生活中的大问题,需要转回核心竞争力上.核心竞争力强大了,很多问题迎刃而解.核心竞争力提升:更多地点选择,接触更优秀的人,身体/心理健康提升,家庭困扰解决. 1.职业 2.Marriage/children.把资金活用,而不是消费,这样才能做大.淘汰所有固定支出,扩大固定收入.1.把HK迷你仓淘汰. (仓内价值远低于存储费用).招行的信用卡有年费,点数用完后淘汰之.2.没用的手机号淘汰,降成普通计划.3.保持自己做饭,更健康,实惠. && 1.一次150g三文鱼即可,注意把白色脂肪切下,吸收不了. 2.炒肉菜烟大,有害健康,腌肉时不要放酱油,只放淀粉,盐,胡椒,注意戴口罩,多用烤箱 3.大润发停车方便,东西比远大新鲜,自助付款快. && dopamine induced电子产品成瘾症:很多人已经深受影响,social media是个net negative的事情.但是他们意识不到.要在现实生活中做事,做饭,健身,和朋友见面.做实实在在的事情.",150,self,海口,轻微雾霾,66.9,核心竞争力,"中午:宫保鸡丁/烤三文鱼.三文鱼很成功,鸡丁没炒够.",lily北京来海口
1/28/2019,1,"昨晚休息质量一般,还做了噩梦.需要做的第一点是减少社交媒体exposure(一次,晚6点左右).这个时候短暂check email,wechat.与其每天check 150次手机,要把这段时间完全活用,让人形成feedback,只有晚上才会用手机.吸取这些年来诸多social media的教训,最后对自己没帮助.2001年chinaren校友录,2001-2009 MSN, 2007年人人,2012-present wechat.2005-Present FB,2016-2017直播.对我本人来讲,最重要的成就,包括学历,工作机会,交易研究,学习Java和R,和这些社交媒体都没关系.Build的relationship也毫无意义.2018年一年戒除了直播,断绝了negative utility的来源,短视频和bilibili和youtube大致上没有不稳定utility. 2019年 1.每天把social media时间压缩到晚饭后 2.不为平台generate live feed, 去除时效性->变成记录 3.用教学视频代替社交网络,学各领域的知识. 4.发展多方面的兴趣,包括户外运动.加拿大户外运动多.5.禁止无脑互动,包括社交网络回复 6.不点赞,不评论 7.发信息都用语音,除非有些利益不相关的人,这些几个字即可 8.留很少availability给social media 9.拒绝无脑cult 10.贴近增加utility的东西,一是宠物,增加寿命. 11.delete linkedin account之后没有任何影响,节省了几百个小时. 12.禁止互动,主页,无脑pull lever的寻找多巴胺的行文. 去年禁了直播,今年禁wechat.&&学鸡蛋饼,酸辣汤,胡辣汤,韩国小菜,西班牙海鲜饭, 意大利lasagna, 匈牙利goulash, 俄罗斯罐牛,罐羊",0,self,海口,好,66.5,,,
1/29/2019,2,"把时间用在有意义的地方.1.学语言 2.学做饭,这个都是很好的conversation starter.刚看了lasagna的教程,肉是牛肉和猪肉碎+cheese和面,不值得卖的这个价格(100+),都不是真肉.",0,self,海口,好,66,,,
1/30/2019,3,"符合dev,T-1,前20>O%的,加大仓位做T.EOD回到1/4仓.US没有什么大意义,没法经常trade.保持所有和dev一致就可以.继续做关于yDev/mDev的研究,看看哪个更加统计有效.  && 中午做了石锅拌饭的菜(西葫芦,木耳,黄瓜,胡萝卜,豆芽,辣椒),晚上做了鸡蛋饼(面粉+鸡蛋+水). &&前20>Open+yDev+pmcoY这三个是重要参数. &&在精品超市买了橄榄油,",100,self,海口,"大好,没有雾霾",66.5,,厨艺上升,
1/31/2019,4,"现在回想起温哥华年代跟现在比并没什么不同.自力更生,自我生存,韧劲坚韧才是王道.持续反省自己,什么对自己有用,什么造成了负面的影响.负面的,例如直播,在2017年年底已经eradicate, 社交媒体暂时是每天20分钟, 到最后会转成need based. 1.利用适当沉默 2.破处坏习惯方法 time limit+fixed use schedule+deregularization+replacement with other interests+delay usage+only use on computer not phone. 1.kill new notification 2.only do at specific time. && persuasion: use mindless behavior. People act on scripts.提供原因可以增加compliance rate.&& Be mindful of feelings & actions.(日语N3停课)",0,self,海口,,66.4,,cut ,
2/1/2019,5,"1.防二手烟.200m中国人在21th世纪die of smoking. 2.去除无关紧要的人,防止负面影响,尤其如果造成负面rumination,负面reinforcement,切断源头, 拒绝投入investment,拒绝对自己控制不了的习惯的上瘾 ->这个会造成mood swing,helplessness,rumination.对一个object exposure太多->results in addiction.打卡/每天提交听力,这个会形成习惯,会对feedback成瘾,没有feedback会造成失落,和负面情绪.所以:1.不应该每天提交,这个更加造成成瘾,而应该每周提交 2.不利的addiction减少exposure. 3.Wealth可以分离人群,这个很重要,远离低SES人群.",0,family,海口,,,,,
2/2/2019,6,,0,family,海口,no smog,,,,
2/3/2019,7,"Reinstalled the system, now using Ubuntu for everything.",0,family,海口,no smog,,,,
2/4/2019,1,吃蛋白可以提高base metabolism rate. 不冷。,0,family,海口,no smog,,,,
2/5/2019,2,"Some people keep asking for investment. Reject it and let others invest. Phone activities reduce utility, cut these. Always judge a conversation by its information content. When content is severe lacking.",0,family,海口,no smog,65,,,
2/6/2019,3,"Aim at fixing ear humming. 清除一切造成此情况的原因. 1. cut social media to need based, computer based, time controlled. Communication : face to face. Posting on social media: limit to holidays etc.  2.cut exposure to toxic people. 主要是绷。Never available, hard to come by, always busy. 3. Cut most of language class activities, caused confusion+addiction in early 2019, cut 打卡 , cut that specific wechat. 中午吃的三文鱼，和葱姜蒜一起吃，温热杀菌。海鲜寒凉， 一般对身体不好， 除了鱼类以外不吃虾蟹壳类。看了电影流浪地球，based on 三体， 4D，对题材不感兴趣。",100,family,海口,no smog,65.4,,三文鱼，晚上小鸡顿蘑菇。,
2/7/2019,4,"解决问题。趋吉避凶。今年要做的事情。 1.trading methodology本格化, full spread model。2.去掉不利影响，避免受单个事件/个体/团体影响， fully diversify exposure, don’t be overexposed. 3. cut social media by at least 80% (usage time. Use as a tool). Post words, no pictures. 4.饮食要讲究，可以影响健康，心情和身体素质，自己做饭。花样要多，各国都会。Eat the best food at the current location.5.研究医学，营养学 ",0,family,海口,no smog,65.4,,中午牛肉+cheese，晚上红烧肉,
2/8/2019,5,周五，市场转弱，有些拉肚子。,0,family,海口,no smog,65.4,肚子一般(原因是cheese),中午烧烤羊肉串， 晚上辣椒。肚子疼，吃太多辣的。,
2/9/2019,6,"昨天拉肚子的原因是cheese. 跟alan聊收获如下， dairy对人有害， estrogen, IGF1, prostate+乳腺癌。前列腺不好就是牛奶引起的。 Stay away from icecream and cheese + yogurt. 番茄多吃，对前列腺好。 避免负面刺激。 番茄牛腩走起。 对自己造成恶性刺激的source要清除，不要好了伤疤忘了疼。不去做打卡，任何基于social media的活动都要cut。这个月美国市场不稳，美国不加仓， 主要做a50的intraday. Breach cutter overnight and during day. Cell: ultrapower saving mode → use as a tool only. ",0,family,海口,no smog,,,中午鱼香肉丝，晚上饺子。,
2/10/2019,7,"身体处于亚健康状态。 耳鸣持续了很久。手机改成黑白， 手机就是打电话接电话的东西。恢复物品本来的目的，像ancestor一样生活。第一步就是把手机的作用革除，转回电脑。从去年10年到现在2月，身体状态是下降的。这个状态是overexposure to 手机造成的。其中伤害点包括，朋友圈，打卡，几个不functional不satisfying的群组，对aplus的overexposure. 电子产品工具化： 1.改成黑白，脱离娱乐效果 2.用电子产品要问问什么，拒绝无脑使用 3.发展线下关系。学语言有这么大的negative externality还是第一次遇到，原因是朋友圈互动提高了互动频率，手机可以让人无选择connected, 没时间休息，这样exposure就大的多。自己生活：自己做饭，这个是第一点，注意饮食。手机回归打电话本质，微信回到短信本质。只是通讯录而已。微信也没办法像qq或者msn设定状态(busy隐身etc). 手机不应该作为聊天工具，人要见面。这次在海口住了三个礼拜。 有何收获？1.学做了炒牛肉和鱼香肉丝，鸡蛋饼 2.了解了牛奶的坏处 3.早晨从吃鸡蛋开始 4.手机回归接打电话的本质。5.social media不登录任何账户，force你登录的是建立addiction,不登录就没有addiction，例如wikipedia. 这个点很重要。Phone:Slot machine是不开心的源泉,sometimes you get something, sometimes you nothing。Do you want your phone to feel like a slot machine? Attention economy: companies maximize time spent on the app by making it like a slot machine. Variable schedule reward: hook model. Apps only want to hold on to your attention. Rewards of the hunt/rewards of the tribe(social). Scrolling: same as slot machine. 1.手机变成黑白 2.research variable schedule of awards. Variable ratio schedule – encouraging addiction. Fixed ratio reward: encourage quantity. Fixed interval: wage. Variable ratio: slot machine, salesmen. Variable interval: fishing, promotion.&&中午三文鱼，西兰花，红薯。三文鱼烤起来很快，就12分钟，上边放了cheese。这天状态不好主要因为头一天的饮食，猪肉，碳水，不健康。",100,family,海口,no smog,65.1,variable ratio reward,中午三文鱼，西兰花。晚上黑鲷鱼，柿子大头菜。,
2/11/2019,1,"Mind + body improvement. Body: 1. work out, do 100 sit up per day 2.learn knowledge on nutrition+cooking. 3.cut all virtual activities. Stay away from phone and social media. Social media needs to be grayscale. Cut out all things with variable rewards, keep only tool apps (map). && Don’t expose to unnecessary danger. Follow probability.  Don’t put your life into hands of underpaid people. 禄薄者不可与经乱。This is why plane is safer than bus. 人很多，局面容易失控的地方少去。不去免费的地方。早晨起来状态很好，quitting phone is very beneficial. 今天：手机+电脑都是黑白，做的事情很多。手机没浪费时间。有时间背点日语单词。 下午去游泳状态也不错。初步是2月底走。Titinus+chest pain(due to bad posture).  Ignore useless information-nothing to do with life.",0,family,海口,no smog,64.9,,中午：番茄牛肉，晚上：凉菜,
2/12/2019,2,HSBC issue: 1. set HK as main 2. cancel service charge(follow up with branch) 3. convert to advanced. Leave 100k RMB there. Check service charge next week to make sure. 中午：小鸡炖蘑菇里放葱姜蒜，大料，橘子皮，桂皮，蘑菇，黑胡椒，料酒，老抽生抽。收汤到最后盛汤喝。最近掌握了小鸡炖蘑菇，bake三文鱼，骨头汤。,0,family,海口,no smog,64.8,,中午：小鸡炖蘑菇。晚上：小鸡炖蘑菇+鸡蛋酱。,lily床上躺一天
2/13/2019,3,"门坏掉。凳子坐着也不舒服，高脚凳，无脑设计，前几天胸一直疼，因为posture不正确，家具设计不make sense。看了赖羽凡的健康视频：少吃糖多喝水。穷→买质量差的东西，坏的概率很高。有些人一点用都没用，制造噪音，弄坏东西，也不烧水，不洗衣服，不晾衣服，只会上网看垃圾消息，有什么贡献？远离这些垃圾，没有positive contribution的人/毫无用处，远离。垃圾一直在try to get investment out of people, increase negative utility.  穷人没办法规避negative utility，只能处于恶劣的环境（水污染，下水道污染，二手烟，雾霾，交通堵塞，负能量），接触低质量的人，造成负面utility，负面的环境，包括雾霾和二手烟。好的环境可以把这些垃圾净化出去。一直问问：人：提供了什么utility，positive or negative? 地方：环境，素质，信任度，食品安全，天气。软件：knowledge or spam? 远离低素质的环境，没有knowledge的人。不要invest in 这些人。之后：避免任何垃圾人和垃圾环境。 感觉不好立即pull out, 不要增加investment(2009年1月就是例子）。垃圾环境不要尝试改变，stay away.减低exposure,不出现，不接触，不invest，不动怒。愚人难教，欺而有功。小事情（1w rmb以下，不需要care)，不动声色，沉得住气，大不了用钱解决。1.先确定是谁造成的问题 2.再确定应该是谁最终负责任，如果都不是本方，就不用理会。现在唯一正事就是搞投资。 1.要有紧迫感，增加家里外的人手，亲人为主 2.机械不可靠，门，车这些东西都有可能出问题。",0,family,海口,no smog,64.8,避免垃圾,中午：白灼西兰花，胡萝卜丝炒青椒丝，红薯泥+黑胡椒+盐。 晚上：豆角粉丝炒肉，炒菜花,j早去钓鱼，回来修窗户。
2/14/2019,4,mineral和vitamin充足，情绪就会稳定。以前喝奶茶（高糖+咖啡因）就会影响神经系统。在台湾的时候缺钾，心跳就会加速。,0,family,海口,no smog,64.8,饮食影响情绪,中午：三文鱼（葱姜蒜），地瓜。晚上：炒豆芽，排骨。,
2/15/2019,5,"最近吃的比较健康， 体重一直下降，戒除外食+糖+面包+牛奶，体重减轻，新陈代谢加快。2013已经减到63公斤，然后逐渐又增加到70. 2019年年初开始关注饮食。饿得时候都吃水果，坚果。那次在顺德也是跟吃的有关系，吃了一个排骨盅饭，牛仔骨。外面做饭放的味精多，会刺激神经。密切注意饮食对健康的影响，要多吃坚果和水果。家庭紧急事件： 1.中风/心肌梗塞 && 下午去游泳，在休息室看了个电影，影响心情稳定。回来后吃了苹果，橘子，2根香蕉，石榴，两个核桃。本来想吃面包，但是不好，都用real food代替，减少screentime非常重要，电视，手机，电脑都会降低生活质量。心情有波动的时候，一般是吃的东西的问题。水果，坚果，要吃好，不吃加工食物，远离面粉白面。要吃各种水果蔬菜坚果。要conscious, 每件事是increase还是decrease utility. 坚果：核桃，腰果，杏仁，榛子，花生。 && Fermentation(make kimchi,酸菜, ferment broccoli) && ",0,family,海口,no smog,64.5,,中午：鱼香牛肉丝（用黄油炒的），晚上豆腐，钓的鱼,
2/16/2019,6,"微信头像改成原始头像。 现在才明白为什么以前有人这么做. 因为这东西本身就没什么用。塑造虚拟形象完全没意义，只是social media公司让你增加investment而已，这也是过去十几年来的。把微信做电话簿用。上面的点赞和交流都是虚的，不能代替真实社交。昨天吃了大量的水果蔬菜，有效缓解心理波动。 少接触刺激源，例如各种screen（电影电视电脑手机），远离任何虚拟，踏踏实实生活在。不要log in任何social media account， 这个会被manipulate, 不断推荐给你垃圾视频，不会给你个红点强迫你去点。把focus on social media的人用生活方式淘汰。Always think about if something is worth your attention. &&不用任何颜色。&&多喝水，缺水造成fatigue. && 用美团跑腿让美团把车检信送到了银华。手机只是作为工具使用而不是无目的使用。任何电脑推荐的东西都不要，这些都在manipulate,FB的friend request, YT的下一个video，这些都不是使用工具的初衷。不登录任何媒体，屏蔽自动登录，也没法回复，也不会收到通知，节省时间。Nir Eyal的hooked – Trigger(external vs internal trigger, “buy now”, emotional trigger- boredom, lonesome, lost, confused, uncertain),action,reward,investment. 越active的人越需要virtual validation，这些人是很弱，现实生活没action. Action – done in anticipation of the reward. (needs to be simple) Action: Motivation, Ability(capacity), Trigger.",250,family,海口,no smog,64.4,,中午：猪蹄，晚上：猪蹄+鱼香茄子+豆角,
2/17/2019,7,"中午吃270克的三文鱼，炒了一个鱼香西兰花茄子，吃太多，太辣，对胃肠不好。橄榄油冒烟呛人，咳嗽。炒菜不能用橄榄油，换别的油试试，牛油果油和walnut oil. && 买了牛油果油。研究了胆固醇，并不是有害的，sugar, inflammation, stress才是元凶。血管发炎的时候， 胆固醇去救难，降胆固醇是治标不治本，又是短箭法，永远不解决问题。",235,family,海口,no smog,64.4,,中午：三文鱼（没吃葱姜蒜，吃多了，消化不好，下次注意和生蒜一起吃），鱼香茄子+西兰花，太辣。晚上：春饼。,
2/18/2019,1,"看了christine chen和徐化普关于胆固醇的视频。自由基(free radical)和糖类是问题，胆固醇在修复血管壁，血管问题来源于发炎。慢性发炎来源于吃氧化食物。 1.食用油，用olive, avocado和coconut 2.糖类造成血管壁发炎,LDL增加。测量：OX-LDL,HDL, CRP(C reactive protein, measure inflammation in body), APO-A/APO-B. && stand up when feeling any negative emotions. ",0,family,海口,no smog,,,中午：番茄牛腩,
2/19/2019,2,"早晨被楼上的吵闹吵醒，决定回深。船票416，过路费300，汽油费用300，中午饭30，晚饭55，晚上超市买牛油果油和鸡蛋，200. 深圳weight也是65.3. Standing desk. Recover Sh000001 data. 到家状态很好。持续low carb diet, 对于精力，mood, 各方面都有帮助。这次到海南：1.全面使用linux 2.继续研究营养学 3.全面low carb diet. 4.clean up phone, no more social media 5. Dev trader应用 6.做饭技能上升",1301,family,海口到深圳,no smog,65.3,,中午：排骨煲仔饭，路上，晚上：steak sandwich (ovamos),记从海南开车回深圳
2/20/2019,3,"breachDev 在BABA上有盈利。继续扩展优势。中午吃千位涮100，walmart 450。走到泥岗路可以避免堵车。中午1点和晚上（8点以后）出去比较靠谱。其他的时候不要开车。中午吃完了以后感觉汤里面放了味精，feels fidgety. Not good, give up 千味涮。买肉除了鱼不能冻以外都可以冻，当周吃掉就可以。买牛腩，牛肩，黄瓜条。",550,family,深圳,no smog,65.3,,中午：千味涮，晚上：三文鱼，茄子，地瓜。 千味涮里面东西不好。,
2/21/2019,4,"昨天晚上肚子微疼，中午的酱料比较辣，也有可能茄子里葱姜蒜放太多。少吃辣椒。多喝水。早晨鸡蛋，中午carbless, 晚上吃点米饭这种模式不错。可以保持一天精力充沛。白天carb来源是不断吃水果。process food不吃，例如粉丝。买baking paper, black pepper mill. 捷克的蒸蛋器要到了，每天两个whole egg非常好。 下午陪wayne去半岛城邦，后来接larry去海岸城附近，话题无聊，drain you, 今年首要是避免接触“深圳人”（没灵魂，没文化，自私自利的人）。回家的路交通恶劣，政府总是在干扰民生。在这城市住着没幸福感，no pleasant surprises. 例如1001，加10%的服务费，毫无服务。四处被坑的感觉。下午在蛇口走，也没任何幸福感。在这生活了6年，好事经历了多少？让人感觉好，舒服的人见识了几个？只能想起在香港被撞，人急躁，水管污染，到处有人占你便宜。为了吃到好东西，温哥华+LA双城模式比较好。珠三角的人都没了灵魂，整个广东都是如此。这边人不适合交朋友，也不适合深交。脱离珠三角，长三角。要到平均消费水平高的。You are ending up worse than if you stayed in china, this means that all foreign experience doesnt apply. 这几年完成的一部分的资产转移，可以自给自足。For better quality of life and screening of population, need to get out. 写这个不是很爽，因为不喜欢complain，不过要趋吉避凶，避开没有utility的事。",360,"larry, wayne",深圳,no smog,65.3,,中午：烤鸡，西兰花，地瓜，晚上：larry+wayne海岸城1001，羊肉串,
2/22/2019,5,"晚上醒了就写东西，整理思绪，不要看电子screen,这个刺激大脑。写着写着就困了，就能睡一会。Focus on creating good memory. Let bad memory go. 中午吃炒牛肉。下午去香港处理迷你仓。给了司机100小费+1500车费+去的路上40. 里面还剩一个木头架子，下次去丢掉，几个椅子丢掉。此次操作亮点。1.司机唧唧歪歪，给点小费就闭嘴，塞钱的时候往手里塞，还要拍肩膀建立connection（这是上次卖凉鞋的sales的方法，也是power of touch的重要一步），收了钱立即态度就不一样，帮你抬上抬下，底层就吃这一套 2.物流的想多收钱，浑水摸鱼，后来我坚持不给，她也没办法。3.事情只要处理就一定能解决，不要拖延。4.不能一下子付全款，否则到了深圳他说拉不了你就没辙了，分步骤给钱，这样随时控制人的incentive，现给定金，每一步都reward，缓慢地释放reward，是韩非子的赏罚之道的重要部分 4.争辩的时候提供证据，直击对方的自尊，说“你不能这样不守信用”，这种话伤害很大，当然谁先让出了resource谁就输了，怎么玩cognitive dissonance都没用。Cut all fixed costs,每个月最小化固定支出，最大化被动固定收入（租金等）。床垫积了4年的灰都馊了，全部扔掉。用桌板做一个standing desk. 1. touch Upper arm→reduce cortisol and get some dopamine, touch upper arm → get things done. 2.foot in the door (small request first) 3. reward them. ",1640,,深圳,no smog,64.6,,中午：炒牛肉。晚上：没吃,去香港处理迷你仓
2/23/2019,6,"早晨沃尔玛，中午骨头汤。用的高压锅，基本掌握技术。回来加油。上牙有点损伤 – 不要喝烫的。背部保持挺拔。&& 2月底换月的时候问题会很多，先不要扩大规模，focus on finding errors. The direction of improvement is roughly correct. 过几周去迷你仓，把东西清掉，其实早就应该大部分扔到旁边垃圾桶，积累了好几年的灰。桌板要做升降装置所以暂时有用。要时刻aware现在的生活是否是自己能力下最好的。例如今天，天气很糟，本来可以在加州晒太阳。在香港经历了没有窗户的goodrich hotel, 香港就是个垃圾地方，要stay away. 没有啥positive memory. 这地方，户口制度，各种限购行政干预，资产转移限制，censorship of media，土壤污染和食物污染，人的精神内核都被腐蚀了。你在这能得到啥？ 1.low cost of living, dont need to rent. Say with unlimited resources, what would you choose? You want: good weather, good clean food, family, people with good characteristics. 要在自己的能力范围之内寻找更好的生活。这几年，编程很有用，是这几年最大的帮助。电脑方面继续增强，熟练掌握linux系统操作。尽量避免环境侵害，包括食物（自己做饭），水（净化），雾霾/抽烟（口罩）。继续读书思考。晚上吃的烤鸡胸，要蒸鸡比较健康。",420,,深圳,no smog,64.6,,中午：龙骨汤（高压锅）。晚上：烤鸡胸，鸡蛋饼。（鸡胸腌料里有煮熟的西红柿，挤出汁水，185度20分钟。鸡蛋饼一个鸡蛋，面粉一勺子，加点水，用一点avocado oil炒）。下次做蒸鸡/蒸排骨。,
2/24/2019,7,"晚上醒了一次，写了点东西，然后一觉睡到8点。多睡对身体有好处。晚上写东西也不错。Pick a few interests to develop: 1.computers, using it a lot, might as well go deep. It is predictable, reliable, computer knowledge will help with trading and productivity in general.  2.cooking 3.walking and browsing. &&下午送快递事件处理的很好。1.遇到精神不正常的人先把他cut off, 对于有这种躁郁精神障碍的人最有效的方法就是隔离，慢杀，静杀。敌人急不可耐，我方要挫其锐气。狂人不要直接接触，防止对己不利，最好让他们放在快递柜里面，避免任何physical接触。孙子军争：故善用兵者，避其锐气，击其惰归。以治待乱，以静待哗。对快递的：永远说不在家。（早晨去的麦德龙，东西很全，注册了会员，买了一大堆香料）",350,,深圳,no smog,64.6,,中午，高压锅牛腩，加了很多香料，效果一般，不worth effort。晚上鸡蛋饼。,
2/25/2019,1,"做事要有很强的目的性和针对性。Always ask why something is. 不要让惯性牵着你做事，永远问当下在做的事有没有用，有没有utility. 不要计较sunk cost, 做事情要有计划，要mindful. 昨天经过思索后做事，避开了人的锐气，事情得到解决。& 这些年欣赏的girl: KD (NY, korean american), SH (SK, korean), SC(VAN, TW), WYJ(TW)。早晨沃尔玛，买的鸡肉，牛肉，排骨（要做蒸排骨）",200,,深圳,no smog,64.6,,中午三文鱼，晚上鸡蛋饼。下午肚子疼，应该是三文鱼放了太多的柠檬。肠胃不舒服来点鸡蛋饼很不错。,
2/26/2019,2,"Joanna 2006 Stats(shanghai, international, changed in Jun 06) WangMengyang: 2008-2009(shanghai International, change in Jan’09, interest: Canada), Wang Tzu Hui 2010(interest: delta1, trading, change in 2011), Annie ? 2011(Finance, change in Jan 2012), Melody 2009(UK, HSBC, walked with me to chinatown carrying 5 books, changed in 2016, from GZ, money oriented, focused on job mainly), Winnie 2013(changed in 2017, from Guangzhou, focused on MS). Claire 2015(MS, attitude changed when hearing MS, changed in 2016, focused on job). WangYiJun 2015(HK, liked to share HK experience, disappeared in 2016, couldnt reach in Oct 2016), Jess (2015,trading, changed in 2016, interested in your desk role), yingke(2017, 100% looking for money) Synthesis: 1.Chinese 2.after career, companies 3. easily changed Treatment 1. Zero investment  2.cut online activities 3. Avoid internationals 4.Avoid big cities. Gold diggers love big cities. 5. Avoid older girls, more problems. 6.Avoid girls who go to big cities. Target: 1.Young 2. not eager about big cities 3. not international student 4.does not ask about job 5.no erratic behavior/change 6.Good temper 7. from rich family (rich people don’t care about money) 8. Northerner, Northern education. && 银华大厦旁边又在装修，经济不好，租房翻台很快，淘汰率也很快。瞎吹是瞎吹，真正经济怎样从今年进琼车辆，银华搬家率可以看到，这次还没碰到电梯里抽烟的人,这放在去年是不可能的，很多公司都执笠了，经济变差以后把公司都逼黄了，这也促进产业升级，把竞争力差淘汰掉。上午去宜家，买了一个研磨器+茶几，回来后组装了standing desk.  && 个人品牌建立的重要性。提高自己个方面舒适度的重要性。做事要用计划，没有计划不动。没有利益不动。",100,,深圳,no smog,64.6,,中午高压锅牛腱肉（1斤），就着洋葱和大蒜。晚上：吃鸡蛋饼。,"设计了standing desk, 投入使用。非常好用，有效的提高了站立时间。"
2/27/2019,3,"punt了delta, 回想以前， delta punting没有盈利的时候，所以要stabilize delta and focus on dev. 从方法论上去做事，建立system, require least manual effort， 这样才最sustainable，这个需要长期做一样的事，程序最适合做。2018.2 delta太大，没有程序制约。",0,,深圳,no smog,63.9,,中午吃烤鸡+生菜，晚上吃鸡蛋酱。,
2/28/2019,4,"体重下降到64以内，主食进一步减少，睡眠很好，抗寒能力上升。 1.刷鞋 （旅游鞋，凉鞋，车里的拖鞋，杀菌） 2.白醋泡脚，每天15分钟 3.性格转到稳重低调，去年山竹台风有感：大树都折了，小草都安然无恙。名人折的特别多，大多毁誉参半。不要去显摆，不要去秀，踏实做事，学新东西，务实，研究吃，研究做事，研究科学。不图名，不图利。什么东西都有他内在的道理，凡事问问为什么。跌是有人卖出来的结果。身体状况跟饮食有很大关系。东西坏了一定都有原因。低调做人做事，讲究实际利益。破茧成蝶才是必经之路，太顺利很容易半路夭折。04到08吃了很多苦，那也是精神的一种成熟和进步。吃苦受罪是人生重要的经历。不成为话题才是最好的。聊天不扯淡，不聊虚的，聊知识，不聊信息。站桌，做饭，饮食结构，营养学，这些都是实在的进步，睡眠逐渐进步了。解决问题的精神：什么出了错一定有其原因。Ask why. 万事发生都有原因，没有无缘无故。员工的不满意有两点：钱没够，心委屈，钱给足人就不会抱怨。事情最难的是开始，开始了以后问题都可以解决，例如这次清理香港迷你仓；技术上只要钻研，没有解决不了的事情。&& 事情往长远看，注重长期可持续性，不注重短期one-off, 投资不注重盯盘，而是程序化，长期稳定做一样的事情。投资自己最有用，自己的知识（例如营养学），经验（做饭），技能（电脑），健康。钱都花在买最好的食材，创造好的体验。不投资可变性很强的东西，例如人，短期。增加别人的投资，己方不动。增加己方的价值。做的好的：饮食，做饭，站立，清理迷你仓。做得不好的：227delta punting，不去做这种短期。做事都要想未来20年。&& 下午和wayne去柚杆湾，开车不行，离右边太近，骑到了桩子上面，来车的时候不懂处理，摁喇叭的时机不对，摁喇叭的方式也不对。技术不行的人开山路比较不靠谱。",,wayne,深圳,no smog,,,中午：三文鱼，晚上和wayne吃文锦渡的新疆菜,
3/1/2019,5,,,,,,,,,
3/2/2019,6,,,,,,,,,
3/3/2019,7,,,,,,,,,
3/4/2019,1,,,,,,,,,
3/5/2019,2,,,,,,,,,
3/6/2019,3,,,,,,,,,
3/7/2019,4,,,,,,,,,
3/8/2019,5,,,,,,,,,
3/9/2019,6,,,,,,,,,
3/10/2019,7,,,,,,,,,
3/11/2019,1,,,,,,,,,
3/12/2019,2,,,,,,,,,
3/13/2019,3,,,,,,,,,
3/14/2019,4,,,,,,,,,
3/15/2019,5,,,,,,,,,
3/16/2019,6,,,,,,,,,
3/17/2019,7,,,,,,,,,
3/18/2019,1,,,,,,,,,
3/19/2019,2,,,,,,,,,
3/20/2019,3,,,,,,,,,
3/21/2019,4,,,,,,,,,
3/22/2019,5,,,,,,,,,
3/23/2019,6,,,,,,,,,
3/24/2019,7,,,,,,,,,
3/25/2019,1,,,,,,,,,
3/26/2019,2,,,,,,,,,
3/27/2019,3,,,,,,,,,
3/28/2019,4,,,,,,,,,
3/29/2019,5,,,,,,,,,
3/30/2019,6,,,,,,,,,
3/31/2019,7,,,,,,,,,
4/1/2019,1,,,,,,,,,
4/2/2019,2,,,,,,,,,
4/3/2019,3,,,,,,,,,
4/4/2019,4,,,,,,,,,
4/5/2019,5,,,,,,,,,
4/6/2019,6,,,,,,,,,
4/7/2019,7,,,,,,,,,
4/8/2019,1,,,,,,,,,
4/9/2019,2,,,,,,,,,
4/10/2019,3,,,,,,,,,
4/11/2019,4,,,,,,,,,
4/12/2019,5,,,,,,,,,
4/13/2019,6,,,,,,,,,
4/14/2019,7,,,,,,,,,
4/15/2019,1,,,,,,,,,
4/16/2019,2,,,,,,,,,
4/17/2019,3,,,,,,,,,
4/18/2019,4,,,,,,,,,
4/19/2019,5,,,,,,,,,
4/20/2019,6,,,,,,,,,
4/21/2019,7,,,,,,,,,
4/22/2019,1,,,,,,,,,
4/23/2019,2,,,,,,,,,
4/24/2019,3,,,,,,,,,
4/25/2019,4,,,,,,,,,
4/26/2019,5,,,,,,,,,
4/27/2019,6,,,,,,,,,
4/28/2019,7,,,,,,,,,
4/29/2019,1,,,,,,,,,
4/30/2019,2,,,,,,,,,
5/1/2019,3,,,,,,,,,
5/2/2019,4,,,,,,,,,
5/3/2019,5,,,,,,,,,
5/4/2019,6,,,,,,,,,
5/5/2019,7,,,,,,,,,
5/6/2019,1,,,,,,,,,
5/7/2019,2,,,,,,,,,
5/8/2019,3,,,,,,,,,
5/9/2019,4,,,,,,,,,
5/10/2019,5,,,,,,,,,
5/11/2019,6,,,,,,,,,
5/12/2019,7,"上次去hk11.16,到期.",,,,,,,,
5/13/2019,1,,,,,,,,,
5/14/2019,2,,,,,,,,,
5/15/2019,3,,,,,,,,,
5/16/2019,4,,,,,,,,,
5/17/2019,5,,,,,,,,,
5/18/2019,6,,,,,,,,,
5/19/2019,7,,,,,,,,,
5/20/2019,1,,,,,,,,,
5/21/2019,2,,,,,,,,,
5/22/2019,3,,,,,,,,,
5/23/2019,4,,,,,,,,,
5/24/2019,5,,,,,,,,,
5/25/2019,6,,,,,,,,,
5/26/2019,7,,,,,,,,,
5/27/2019,1,,,,,,,,,
5/28/2019,2,,,,,,,,,
5/29/2019,3,,,,,,,,,
5/30/2019,4,,,,,,,,,
5/31/2019,5,,,,,,,,,
6/1/2019,6,,,,,,,,,
6/2/2019,7,,,,,,,,,
6/3/2019,1,,,,,,,,,
6/4/2019,2,,,,,,,,,
6/5/2019,3,,,,,,,,,
6/6/2019,4,,,,,,,,,
6/7/2019,5,,,,,,,,,
6/8/2019,6,,,,,,,,,
6/9/2019,7,,,,,,,,,
6/10/2019,1,,,,,,,,,
6/11/2019,2,,,,,,,,,
6/12/2019,3,,,,,,,,,
6/13/2019,4,,,,,,,,,
6/14/2019,5,,,,,,,,,
6/15/2019,6,,,,,,,,,
6/16/2019,7,,,,,,,,,
6/17/2019,1,,,,,,,,,
6/18/2019,2,,,,,,,,,
6/19/2019,3,,,,,,,,,
6/20/2019,4,,,,,,,,,
6/21/2019,5,,,,,,,,,
6/22/2019,6,,,,,,,,,
6/23/2019,7,,,,,,,,,
6/24/2019,1,,,,,,,,,
6/25/2019,2,,,,,,,,,
6/26/2019,3,,,,,,,,,
6/27/2019,4,,,,,,,,,
6/28/2019,5,,,,,,,,,
6/29/2019,6,,,,,,,,,
6/30/2019,7,,,,,,,,,
7/1/2019,1,,,,,,,,,
7/2/2019,2,,,,,,,,,
7/3/2019,3,,,,,,,,,
7/4/2019,4,,,,,,,,,
7/5/2019,5,,,,,,,,,
7/6/2019,6,,,,,,,,,
7/7/2019,7,,,,,,,,,
7/8/2019,1,,,,,,,,,
7/9/2019,2,,,,,,,,,
7/10/2019,3,,,,,,,,,
7/11/2019,4,,,,,,,,,
7/12/2019,5,,,,,,,,,
7/13/2019,6,,,,,,,,,
7/14/2019,7,,,,,,,,,
7/15/2019,1,,,,,,,,,
7/16/2019,2,,,,,,,,,
7/17/2019,3,,,,,,,,,
7/18/2019,4,,,,,,,,,
7/19/2019,5,,,,,,,,,
7/20/2019,6,,,,,,,,,
7/21/2019,7,,,,,,,,,
7/22/2019,1,,,,,,,,,
7/23/2019,2,,,,,,,,,
7/24/2019,3,,,,,,,,,
7/25/2019,4,,,,,,,,,
7/26/2019,5,,,,,,,,,
7/27/2019,6,,,,,,,,,
7/28/2019,7,,,,,,,,,
7/29/2019,1,,,,,,,,,
7/30/2019,2,,,,,,,,,
7/31/2019,3,,,,,,,,,
8/1/2019,4,,,,,,,,,
8/2/2019,5,,,,,,,,,
8/3/2019,6,,,,,,,,,
8/4/2019,7,,,,,,,,,
8/5/2019,1,,,,,,,,,
8/6/2019,2,,,,,,,,,
8/7/2019,3,,,,,,,,,
8/8/2019,4,,,,,,,,,
8/9/2019,5,,,,,,,,,
8/10/2019,6,,,,,,,,,
8/11/2019,7,,,,,,,,,
8/12/2019,1,,,,,,,,,
8/13/2019,2,,,,,,,,,
8/14/2019,3,,,,,,,,,
8/15/2019,4,,,,,,,,,
8/16/2019,5,,,,,,,,,
8/17/2019,6,,,,,,,,,
8/18/2019,7,,,,,,,,,
8/19/2019,1,,,,,,,,,
8/20/2019,2,,,,,,,,,
8/21/2019,3,,,,,,,,,
8/22/2019,4,,,,,,,,,
8/23/2019,5,,,,,,,,,
8/24/2019,6,,,,,,,,,
8/25/2019,7,,,,,,,,,
8/26/2019,1,,,,,,,,,
8/27/2019,2,,,,,,,,,
8/28/2019,3,,,,,,,,,
8/29/2019,4,,,,,,,,,
8/30/2019,5,,,,,,,,,
8/31/2019,6,,,,,,,,,
9/1/2019,7,,,,,,,,,
9/2/2019,1,,,,,,,,,
9/3/2019,2,,,,,,,,,
9/4/2019,3,,,,,,,,,
9/5/2019,4,,,,,,,,,
9/6/2019,5,,,,,,,,,
9/7/2019,6,,,,,,,,,
9/8/2019,7,,,,,,,,,
9/9/2019,1,,,,,,,,,
9/10/2019,2,,,,,,,,,
9/11/2019,3,,,,,,,,,
9/12/2019,4,,,,,,,,,
9/13/2019,5,,,,,,,,,
9/14/2019,6,,,,,,,,,
9/15/2019,7,,,,,,,,,
9/16/2019,1,,,,,,,,,
9/17/2019,2,,,,,,,,,
9/18/2019,3,,,,,,,,,
9/19/2019,4,,,,,,,,,
9/20/2019,5,,,,,,,,,
9/21/2019,6,,,,,,,,,
9/22/2019,7,,,,,,,,,
9/23/2019,1,,,,,,,,,
9/24/2019,2,,,,,,,,,
9/25/2019,3,,,,,,,,,
9/26/2019,4,,,,,,,,,
9/27/2019,5,,,,,,,,,
9/28/2019,6,,,,,,,,,
9/29/2019,7,,,,,,,,,
9/30/2019,1,,,,,,,,,
10/1/2019,2,,,,,,,,,
10/2/2019,3,,,,,,,,,
10/3/2019,4,,,,,,,,,
10/4/2019,5,,,,,,,,,
10/5/2019,6,,,,,,,,,
10/6/2019,7,,,,,,,,,
10/7/2019,1,,,,,,,,,
10/8/2019,2,,,,,,,,,
10/9/2019,3,,,,,,,,,
10/10/2019,4,,,,,,,,,
10/11/2019,5,,,,,,,,,
10/12/2019,6,,,,,,,,,
10/13/2019,7,,,,,,,,,
10/14/2019,1,,,,,,,,,
10/15/2019,2,,,,,,,,,
10/16/2019,3,,,,,,,,,
10/17/2019,4,,,,,,,,,
10/18/2019,5,,,,,,,,,
10/19/2019,6,,,,,,,,,
10/20/2019,7,,,,,,,,,
10/21/2019,1,,,,,,,,,
10/22/2019,2,,,,,,,,,
10/23/2019,3,,,,,,,,,
10/24/2019,4,,,,,,,,,
10/25/2019,5,,,,,,,,,
10/26/2019,6,,,,,,,,,
10/27/2019,7,,,,,,,,,
10/28/2019,1,,,,,,,,,
10/29/2019,2,,,,,,,,,
10/30/2019,3,,,,,,,,,
10/31/2019,4,,,,,,,,,
11/1/2019,5,,,,,,,,,
11/2/2019,6,,,,,,,,,
11/3/2019,7,,,,,,,,,
11/4/2019,1,,,,,,,,,
11/5/2019,2,,,,,,,,,
11/6/2019,3,,,,,,,,,
11/7/2019,4,,,,,,,,,
11/8/2019,5,,,,,,,,,
11/9/2019,6,,,,,,,,,
11/10/2019,7,,,,,,,,,
11/11/2019,1,,,,,,,,,
11/12/2019,2,,,,,,,,,
11/13/2019,3,,,,,,,,,
11/14/2019,4,,,,,,,,,
11/15/2019,5,,,,,,,,,
11/16/2019,6,,,,,,,,,
11/17/2019,7,,,,,,,,,
11/18/2019,1,,,,,,,,,
11/19/2019,2,,,,,,,,,
11/20/2019,3,,,,,,,,,
11/21/2019,4,,,,,,,,,
11/22/2019,5,,,,,,,,,
11/23/2019,6,,,,,,,,,
11/24/2019,7,,,,,,,,,
11/25/2019,1,,,,,,,,,
11/26/2019,2,,,,,,,,,
11/27/2019,3,,,,,,,,,
11/28/2019,4,,,,,,,,,
11/29/2019,5,,,,,,,,,
11/30/2019,6,,,,,,,,,
12/1/2019,7,,,,,,,,,
12/2/2019,1,,,,,,,,,
12/3/2019,2,,,,,,,,,
12/4/2019,3,,,,,,,,,
12/5/2019,4,,,,,,,,,
12/6/2019,5,,,,,,,,,
12/7/2019,6,,,,,,,,,
12/8/2019,7,,,,,,,,,
12/9/2019,1,,,,,,,,,
12/10/2019,2,,,,,,,,,
12/11/2019,3,,,,,,,,,
12/12/2019,4,,,,,,,,,
12/13/2019,5,,,,,,,,,
12/14/2019,6,,,,,,,,,
12/15/2019,7,,,,,,,,,
12/16/2019,1,,,,,,,,,
12/17/2019,2,,,,,,,,,
12/18/2019,3,,,,,,,,,
12/19/2019,4,,,,,,,,,
12/20/2019,5,,,,,,,,,
12/21/2019,6,,,,,,,,,
12/22/2019,7,,,,,,,,,
12/23/2019,1,,,,,,,,,
12/24/2019,2,,,,,,,,,
12/25/2019,3,,,,,,,,,
12/26/2019,4,,,,,,,,,
12/27/2019,5,,,,,,,,,
12/28/2019,6,,,,,,,,,
12/29/2019,7,,,,,,,,,
12/30/2019,1,,,,,,,,,
12/31/2019,2,,,,,,,,,
